Date,Tickers,StratRet,IndexClose,SP500,Rebalance
2000-01-01,XOM+WMT+WMT,0.0,100.0,1.0,0
2000-02-01,XOM+WMT+WMT,-0.10347638933253978,89.65236106674602,0.9798919167436431,0
2000-03-01,GE+INTC+XOM,0.11981322906632874,100.39389993957329,1.0746668947362155,1
2000-04-01,GE+INTC+XOM,-0.009809245475487227,99.40911153082452,1.0415717155008624,0
2000-05-01,GE+INTC+XOM,0.01987414413883326,101.38478254210146,1.0187456186485722,0
2000-06-01,GE+INTC+XOM,0.008973863266472648,102.29459571793534,1.0431278174584553,0
2000-07-01,XOM+INTC+XOM,-0.001556329277241808,102.1353916437159,1.026081777990051,1
2000-08-01,XOM+INTC+XOM,0.0526555239651072,107.5133842060972,1.0883640235110055,0
2000-09-01,XOM+INTC+XOM,-0.08328402456520034,98.55923687478877,1.0301550779556654,0
2000-10-01,XOM+WMT+INTC,0.028153104484433866,101.33398536843077,1.025056340415161,1
2000-11-01,XOM+WMT+INTC,-0.005781728770186234,100.74809974982848,0.9429815039564344,0
2000-12-01,XOM+WMT+INTC,-0.06637813346131916,94.06062893866007,0.9468038282069037,0
2001-01-01,XOM+WMT+INTC,0.0897403879888321,102.50166627408899,0.9795978715998782,0
2001-02-01,XOM+WMT+INTC,-0.12767118916499376,89.41515664948271,0.8891900636377066,0
2001-03-01,XOM+WMT+INTC,-0.021816299833367303,87.46444878237008,0.8320998727525983,0
2001-04-01,XOM+WMT+INTC,0.09820295498033804,96.05371610852525,0.8960170933107922,0
2001-05-01,XOM+WMT+INTC,-0.04142876191222211,92.07432957308099,0.9005779882304904,0
2001-06-01,XOM+WMT+WMT,0.005227241266737126,92.55562430823255,0.8780316675852473,1
2001-07-01,XOM+WMT+WMT,0.08354629388916557,100.28830369778335,0.86860147612588,0
2001-08-01,XOM+WMT+WMT,-0.1064705876586397,89.61054906779222,0.8129168192771755,0
2001-09-01,XOM+WMT+WMT,0.015725451091775478,91.01971537446494,0.7464824882504494,0
2001-10-01,XOM+WMT+WMT,0.02708224508471857,93.48473361377752,0.7599931579135344,0
2001-11-01,XOM+WMT+WMT,0.03131655477380679,96.41235339450813,0.8171263306877727,0
2001-12-01,XOM+WMT+WMT,0.04799838522280209,101.03999067297467,0.8233151099460962,0
2002-01-01,XOM+WMT+WMT,0.026902376429239094,103.75820653646583,0.8104929383644958,0
2002-02-01,XOM+WMT+WMT,0.04176953423477259,108.09213849652934,0.7936620709602097,0
2002-03-01,XOM+WMT+WMT,0.014888864991231987,109.70150775321773,0.8228203367539091,0
2002-04-01,XOM+WMT+WMT,-0.08627817694800055,100.23666165582314,0.7722846651124317,0
2002-05-01,XOM+WMT+WMT,-0.02299640451378937,97.93157883727399,0.7652711763276409,0
2002-06-01,XOM+WMT+WMT,0.02145336519574581,100.032540762266,0.7098231824876197,0
2002-07-01,XOM+WMT+WMT,-0.10377676976432726,89.65148681063964,0.6537441164709396,0
2002-08-01,XOM+WMT+WMT,0.046410326158053516,93.81224155407585,0.6569353247750055,0
2002-09-01,XOM+WMT+WMT,-0.08430621467962995,85.90328657804064,0.5846564635306982,0
2002-10-01,XOM+WMT+WMT,0.07774763641335491,92.58206406962238,0.6351993134102789,0
2002-11-01,XOM+WMT+WMT,0.015647125179025112,94.03070721545228,0.671449897298671,0
2002-12-01,XOM+WMT+WMT,-0.038381422999561265,90.4216748668681,0.6309395981027037,0
2003-01-01,XOM+WMT+WMT,-0.04237533109891356,86.59002645586627,0.6136425829191544,0
2003-02-01,XOM+WMT+WMT,0.0023569978981008433,86.79411896621923,0.6032084448294621,0
2003-03-01,XOM+WMT+WMT,0.06650615756671296,92.56646231805064,0.6082498002348855,0
2003-04-01,XOM+WMT+WMT,0.05859806690041158,97.9906780696982,0.6575448622373548,0
2003-05-01,XOM+WMT+WMT,-0.03255217292011525,94.80086857261404,0.6910130472356074,0
2003-06-01,XOM+WMT+WMT,0.011287726770793594,95.87095487469563,0.6988368453009147,0
2003-07-01,XOM+WMT+WMT,0.025898132517029104,98.35383356857461,0.7101745659967207,0
2003-08-01,XOM+WMT+WMT,0.05873342868640008,104.13049143850854,0.7228676606016969,0
2003-09-01,XOM+WMT+WMT,-0.04490188422649144,99.45483616748898,0.7142334657163842,0
2003-10-01,XOM+WMT+WMT,0.0368218644236733,103.11694866112691,0.7534887987971369,0
2003-11-01,XOM+WMT+WMT,-0.039901582522722245,99.00241922463364,0.7588600467670962,0
2003-12-01,XOM+WMT+WMT,0.015811845823668458,100.56783021358373,0.7973839874167231,0
2004-01-01,XOM+WMT+WMT,0.00953360749464327,101.52660443342796,0.8111599017316706,0
2004-02-01,XOM+WMT+WMT,0.0819674222710649,109.8484784907701,0.8210633316689153,0
2004-03-01,XOM+WMT+WMT,-0.0010879632155846863,109.72896738688421,0.8076316226249656,0
2004-04-01,XOM+WMT+WMT,-0.020919234091496763,107.43352143149976,0.7940708803741362,0
2004-05-01,XOM+WMT+WMT,-0.009369842318631028,106.42688627595133,0.8036659962308992,0
2004-06-01,XOM+WMT+WMT,-0.026004746752743446,103.6592820506622,0.818123142849739,0
2004-07-01,XOM+WMT+WMT,0.02066233470461576,105.80112483163316,0.7900692752500648,0
2004-08-01,XOM+WMT+WMT,-0.005715883289001189,105.1963779502505,0.791876440462292,0
2004-09-01,XOM+WMT+WMT,0.026525408971929343,107.98675489774654,0.7992914728834171,0
2004-10-01,XOM+WMT+WMT,0.015160647076298162,109.62390397766599,0.8104929383644955,0
2004-11-01,XOM+WMT+WMT,-0.009249669078849276,108.60991914274103,0.8417738616890073,0
2004-12-01,XOM+WMT+WMT,0.011601711657430513,109.86998010777197,0.8690963368575558,0
2005-01-01,MSFT+WMT+PFE,-0.001479154769097324,109.70746540271492,0.8471164842460428,1
2005-02-01,MSFT+WMT+PFE,0.01015607032784982,110.82166213683504,0.8631298203619646,0
2005-03-01,MSFT+WMT+PFE,-0.019574297187912704,108.65240598731019,0.8466288017524699,0
2005-04-01,MSFT+WMT+PFE,0.008171925524336654,109.54030535707848,0.8296042969983753,0
2005-05-01,MSFT+WMT+PFE,0.016179682738886703,111.3126327448768,0.8544526435875217,0
2005-06-01,MSFT+WMT+PFE,-0.004994031228771623,110.75673398079209,0.8543307010792562,0
2005-07-01,MSFT+WMT+PFE,0.005233218098524395,111.33634812559383,0.8850595128462444,0
2005-08-01,MSFT+WMT+PFE,-0.019444425185403902,109.17147683404964,0.8751272824170978,0
2005-09-01,MSFT+WMT+PFE,-0.030913543545059152,105.79659963106182,0.8812085631828512,0
2005-10-01,MSFT+WMT+PFE,-0.01695906696451488,104.00238801330069,0.8655752359889541,0
2005-11-01,MSFT+WMT+PFE,0.02620811524558886,106.72809458416972,0.8960314497869984,0
2005-12-01,MSFT+WMT+PFE,0.006905767351436554,107.46513397523012,0.8951781148476072,0
2006-01-01,MSFT+WMT+PFE,0.055311857431047606,113.40923014447648,0.9179754112079954,0
2006-02-01,MSFT+WMT+PFE,-0.013959061938528805,111.82614367648887,0.9183913988600253,0
2006-03-01,MSFT+WMT+PFE,0.006065829390385025,112.50446198541513,0.928581695702931,0
2006-04-01,MSFT+WMT+PFE,-0.0464199097305944,107.28201501576306,0.939869212501759,0
2006-05-01,MSFT+WMT+PFE,-0.017364199454652063,105.41914870913239,0.9108113545020154,0
2006-06-01,MSFT+WMT+WMT,0.010602616270340315,106.53686749044124,0.9108902275816616,1
2006-07-01,MSFT+WMT+WMT,-0.03992000297225973,102.28391542356758,0.915522904882392,0
2006-08-01,MSFT+WMT+WMT,0.026016972736863986,104.94503326256223,0.93499991596209,0
2006-09-01,MSFT+WMT+WMT,0.09406524038324737,114.81671304343304,0.9579694024974661,0
2006-10-01,MSFT+WMT+WMT,0.016034444959921457,116.65773530920707,0.9881531058660555,0
2006-11-01,MSFT+WMT+WMT,-0.03547245088923767,112.51959952260154,1.0044246834747148,0
2006-12-01,MSFT+WMT+WMT,0.00799229211374275,113.41888903050751,1.017096287135126,0
2007-01-01,MSFT+T+PG,0.03550515290714107,117.44584402809375,1.0313956875946733,1
2007-02-01,MSFT+T+PG,-0.03736112914397616,113.05793468193686,1.0088636358861476,0
2007-03-01,MSFT+T+PG,0.019683532462170916,115.28331420935476,1.018932077760277,0
2007-04-01,MSFT+T+PG,0.02529992516814561,118.19997343198725,1.0630423509044924,0
2007-05-01,MSFT+T+PG,0.03263752433760203,122.05772794157765,1.097643559509694,0
2007-06-01,MSFT+T+PG,-0.023302361814004136,119.21349460288772,1.0780875878108607,0
2007-07-01,MSFT+T+PG,-0.02057482404163924,116.7606979280444,1.0436083217139243,0
2007-08-01,MSFT+T+PG,0.02756018205102828,119.97864401934642,1.0570328525197707,0
2007-09-01,MSFT+T+PG,0.05573968672705232,126.66621605092132,1.0948682950879132,0
2007-10-01,GE+T+PG,0.07518145741629056,136.18916677903633,1.1110968032679531,1
2007-11-01,GE+T+PG,-0.025105064643886954,132.7701289432515,1.062160303012688,0
2007-12-01,GE+T+PG,0.01599102787977147,134.8932597767839,1.0529954437446722,0
2008-01-01,GE+PG+JNJ,-0.07360156702769416,124.96490447573878,0.9885906282323947,1
2008-02-01,GE+PG+JNJ,-0.021583050066370735,122.26778068589968,0.9542260388661317,0
2008-03-01,GE+PG+JNJ,0.07987817502469285,132.03430787140874,0.9485392110380985,0
2008-04-01,GE+PG+JNJ,-0.0417776570874796,126.5182238333743,0.9936391181061769,0
2008-05-01,GE+PG+JNJ,-0.025012844288223812,123.35364320100746,1.0042454026011127,0
2008-06-01,GE+PG+JNJ,-0.0798950773191216,113.49829433986763,0.9179180728426588,0
2008-07-01,GE+PG+JNJ,0.07090418701956547,121.54579862814327,0.9088679778448052,0
2008-08-01,GE+PG+JNJ,0.03136325948998109,125.35787105043472,0.9199475008176182,0
2008-09-01,WMT+PG+PG,-0.034537511093206685,121.02832218840956,0.8364241484333578,1
2008-10-01,WMT+PG+PG,-0.07197409365816376,112.31741839193054,0.6947133852080669,0
2008-11-01,WMT+PG+PG,0.0027054622606281775,112.6212889286011,0.64271475362536,0
2008-12-01,WMT+PG+PG,-0.025136897258420166,109.79033915969201,0.6477417963243215,0
2009-01-01,WMT+PG+PG,-0.13088425698134598,95.42051219504575,0.5922579550635287,0
2009-02-01,WMT+PG+PG,-0.058300830035607265,89.8574171316518,0.5271503287633048,0
2009-03-01,WMT+PG+PG,0.0044137354519813154,90.25402399926924,0.5721713189819925,0
2009-04-01,WMT+PG+PG,0.02421185019369565,92.43924090771776,0.6259125554037424,0
2009-05-01,WMT+PG+PG,0.03539674244355551,95.71128890980603,0.6591368991552087,0
2009-06-01,WMT+PG+PG,-0.017743154170468567,94.01306875482508,0.6592659761318329,0
2009-07-01,WMT+PG+PG,0.06744340040275754,100.35362979394873,0.7081450942520169,0
2009-08-01,WMT+PG+PG,-0.00500376717027351,99.85148359576799,0.7319105773614476,0
2009-09-01,WMT+PG+PG,0.03704180031520776,103.55016231229968,0.7580568719549386,0
2009-10-01,WMT+PG+PG,0.004927212223701627,104.06037593781112,0.74307615165201,0
2009-11-01,WMT+PG+PG,0.08814162557678218,113.23242663110086,0.7857020176801753,0
2009-12-01,WMT+PG+PG,-0.0251118879021629,110.38894662665078,0.7996643911068281,0
2010-01-01,WMT+PG+PG,0.011671192016369014,111.67731721921513,0.770097403438691,0
2010-02-01,WMT+PG+PG,0.027652319349237953,114.76545405902701,0.7920557213358944,0
2010-03-01,WMT+PG+PG,0.009326676871931117,115.83583436509602,0.8386257665833056,0
2010-04-01,WMT+PG+PG,-0.02163354015114416,113.32989519141744,0.8510032375604634,0
2010-05-01,WMT+PG+PG,-0.025573444200927553,110.43165944044276,0.781241530554433,0
2010-06-01,MSFT+BRK-B+GE,-0.026688396156026806,107.48441556512877,0.7391463289089707,1
2010-07-01,MSFT+BRK-B+GE,0.07565804002498622,115.61647578001755,0.7899832239323157,0
2010-08-01,MSFT+BRK-B+GE,-0.061317010005473294,108.52721917781665,0.7524991648732741,0
2010-09-01,MSFT+BRK-B+GE,0.07358947681930461,116.51368045776618,0.8183812968029875,0
2010-10-01,MSFT+BRK-B+GE,0.01480660568255554,118.23885258092758,0.8485435529967564,0
2010-11-01,MSFT+BRK-B+GE,-0.021073274441691603,115.74717279081898,0.8466001763395463,0
2010-12-01,MSFT+BRK-B+GE,0.09083161898076919,126.26067588785592,0.9018832020124273,0
2011-01-01,MSFT+BRK-B+GE,0.041283819584578385,131.4731988518371,0.9223068651268583,0
2011-02-01,MSFT+BRK-B+GE,0.02163421066630722,134.31751773277105,0.9517806232391428,0
2011-03-01,MSFT+BRK-B+GE,-0.03863292780169125,129.12843876769853,0.9507838110771765,0
2011-04-01,MSFT+BRK-B+GE,0.01229303163225759,130.7158187500939,0.9778767577054005,0
2011-05-01,MSFT+BRK-B+GE,-0.04183229652649356,125.24767585943657,0.9646744896622863,0
2011-06-01,MSFT+IBM+GE,-0.00485459970570612,124.63964852906896,0.947061982160152,1
2011-07-01,MSFT+IBM+GE,0.023774911311455593,127.60294511873857,0.9267243703634706,0
2011-08-01,MSFT+IBM+GE,-0.057730854697290224,120.23631803514239,0.8740946666041046,0
2011-09-01,MSFT+IBM+GE,-0.034520767502632665,116.08566805487864,0.8113678955576856,0
2011-10-01,MSFT+IBM+GE,0.0780494257484814,125.14608778419074,0.8987709105577522,0
2011-11-01,MSFT+IBM+GE,-0.02301744536868866,122.26554454551302,0.8942242845747713,0
2011-12-01,MSFT+IBM+GE,0.043406991625411395,127.57272401367645,0.9018544890600146,0
2012-01-01,MSFT+IBM+GE,0.07991563641224708,137.76777944207336,0.9411600698074898,0
2012-02-01,MSFT+IBM+GE,0.038151432927844064,143.02381763907565,0.9793612523609396,0
2012-03-01,MSFT+IBM+GE,0.05021897239180917,150.20632678846354,1.0100469071598195,0
2012-04-01,MSFT+IBM+GE,-0.013126295065954197,148.23467422226503,1.0024741285794019,0
2012-05-01,MSFT+IBM+GE,-0.06062791467625439,139.24751504145516,0.9396683969138476,0
2012-06-01,MSFT+IBM+WMT,0.05488320319762163,146.88986470423922,0.9768369636543042,1
2012-07-01,MSFT+IBM+WMT,0.01099602761670182,148.5050697131406,0.989142739789919,0
2012-08-01,MSFT+IBM+WMT,0.005152160112197546,149.27019160977576,1.0086915332506492,0
2012-09-01,MSFT+IBM+WMT,0.021080409894594254,152.41686843395448,1.0331383362034612,0
2012-10-01,MSFT+IBM+WMT,-0.02891452539405459,148.0098070211386,1.0126931383747206,0
2012-11-01,MSFT+IBM+WMT,-0.04339659984850763,141.58668465218742,1.0155759888285603,0
2012-12-01,MSFT+IBM+WMT,-0.00960080027909016,140.22733917066324,1.0227543144712576,0
2013-01-01,MSFT+GOOGL+BRK-B,0.03958162617569272,145.77776528932853,1.0743298677033206,1
2013-02-01,MSFT+GOOGL+BRK-B,0.04231007435443823,151.94563337794386,1.0862126530277807,0
2013-03-01,MSFT+GOOGL+BRK-B,0.01629217726101606,154.42115857097468,1.1253029741716487,0
2013-04-01,MSFT+GOOGL+BRK-B,0.07184551467080169,165.51562618456785,1.1456549424445368,0
2013-05-01,MSFT+GOOGL+BRK-B,0.061282983958612425,175.6589176489364,1.169441960268277,0
2013-06-01,MSFT+GOOGL+BRK-B,-0.003907064656615278,174.97260690017094,1.151901147607686,0
2013-07-01,MSFT+GOOGL+BRK-B,-0.011498151888662655,172.96074528967753,1.208876574222632,0
2013-08-01,MSFT+GOOGL+BRK-B,-0.012383765624020326,170.8188399578543,1.1710411316544893,0
2013-09-01,MSFT+GOOGL+BRK-B,0.019424153415321443,174.1368513114229,1.2058790470381189,0
2013-10-01,MSFT+GOOGL+BRK-B,0.08483459720457431,188.9096809509003,1.2596561308806404,0
2013-11-01,MSFT+GOOGL+BRK-B,0.03915862066393072,196.30712348700078,1.294988819456457,0
2013-12-01,MSFT+GOOGL+BRK-B,0.02122028348840921,200.47281629818912,1.3255023716198377,0
2014-01-01,MSFT+GOOGL+GOOGL,0.002186596292559795,200.91116941506579,1.2783371453862837,1
2014-02-01,MSFT+GOOGL+GOOGL,0.023717459018741005,205.6762718420749,1.333455246661769,0
2014-03-01,MSFT+GOOGL+GOOGL,-0.029472981070872484,199.61437897534583,1.3426989790094312,0
2014-04-01,MSFT+GOOGL+GOOGL,-0.0322056454789863,193.1856690535578,1.3510247722747732,0
2014-05-01,MSFT+GOOGL+GOOGL,0.050284878811019285,202.89998700994164,1.3794372016216516,0
2014-06-01,MSFT+GOOGL+GOOGL,0.023767252959903118,207.72236232676798,1.4057269734377178,0
2014-07-01,MSFT+GOOGL+GOOGL,0.005832698222529631,208.93394418029095,1.3845288484635419,0
2014-08-01,MSFT+GOOGL+GOOGL,0.020764136928971944,213.2722772063607,1.4366636914912316,0
2014-09-01,MSFT+GOOGL+GOOGL,0.015873977505443504,216.6577565372692,1.414375524799237,0
2014-10-01,MSFT+GOOGL+GOOGL,-0.019029575704975987,212.53485135717298,1.4471911029065212,0
2014-11-01,XOM+GOOGL+GOOGL,-0.015953217548924314,209.1442366367437,1.4826958941178365,1
2014-12-01,XOM+GOOGL+GOOGL,-0.012875464225797661,206.45140749989554,1.4764854926057145,0
2015-01-01,XOM+GOOGL+GOOGL,-0.009479972005573267,204.49425393628533,1.4306541931065104,0
2015-02-01,MSFT+XOM+BRK-B,0.03537442774347088,211.72812114610946,1.5091863939823253,1
2015-03-01,MSFT+XOM+BRK-B,-0.03995541213071496,203.2684368060547,1.482932425817286,0
2015-04-01,MSFT+XOM+BRK-B,0.06753149360655808,216.99545794663786,1.4955682258266703,0
2015-05-01,MSFT+XOM+BRK-B,-0.01625203790324481,213.46883953925712,1.511258803846415,0
2015-06-01,MSFT+XOM+BRK-B,-0.038429464670171165,205.2653463120008,1.479504729583515,0
2015-07-01,MSFT+BRK-B+BRK-B,0.01950409203215009,209.26886051748124,1.5087131555044482,1
2015-08-01,MSFT+BRK-B+BRK-B,-0.06333143118201112,196.0155640790805,1.4142966517195907,0
2015-09-01,MSFT+BRK-B+BRK-B,-0.010200633500053624,194.0160811496035,1.3768986439782986,0
2015-10-01,MSFT+BRK-B+BRK-B,0.09184400876705268,211.8352958076569,1.4911579863676505,0
2015-11-01,MSFT+BRK-B+BRK-B,0.0013688395982807133,212.12526434887192,1.4919108259735967,0
2015-12-01,MSFT+BRK-B+BRK-B,-0.0009683064853641676,211.91986207969333,1.4657573531420023,0
2016-01-01,MSFT+BRK-B+BRK-B,-0.013804300117066903,208.9944567027778,1.3913916817876544,0
2016-02-01,MSFT+BRK-B+BRK-B,-0.002869376468594531,208.39477292664816,1.3856475155942845,0
2016-03-01,MSFT+BRK-B+BRK-B,0.06940594603821859,222.85860929104194,1.4770879393694496,0
2016-04-01,MSFT+BRK-B+BRK-B,-0.015433835161375087,219.41904625095071,1.4810751880173147,0
2016-05-01,MSFT+BRK-B+BRK-B,-0.0017166412059188563,219.0423824747929,1.503772076583747,0
2016-06-01,MSFT+BRK-B+BRK-B,0.010901767171435539,221.4303315292096,1.505141894508613,0
2016-07-01,MSFT+AMZN+BRK-B,0.03349926794150182,228.8480855354822,1.5587396974775325,1
2016-08-01,MSFT+AMZN+BRK-B,0.023504910012166258,234.22713919245024,1.5568392151699635,0
2016-09-01,MSFT+AMZN+BRK-B,0.019094953606504816,238.69969554871443,1.5549173732270631,0
2016-10-01,MSFT+AMZN+BRK-B,-0.005872094709943987,237.2980283292176,1.524712047604675,0
2016-11-01,MSFT+AMZN+BRK-B,0.01567988709658308,241.0188346216615,1.5768183527589301,0
2016-12-01,MSFT+AMZN+BRK-B,0.024139916136024953,246.8370090766309,1.6055176490114695,0
2017-01-01,MSFT+AMZN+BRK-B,0.04855798755263607,258.8229174909038,1.6342313017402157,0
2017-02-01,MSFT+AMZN+BRK-B,0.02005679512144365,264.01407571975324,1.6950216992885498,0
2017-03-01,MSFT+AMZN+BRK-B,0.019027798185581535,269.03768227070157,1.6943620016989673,0
2017-04-01,MSFT+AMZN+BRK-B,0.024676439796626592,275.6765744402785,1.7097658003525398,0
2017-05-01,MSFT+AMZN+BRK-B,0.03195268434611531,284.48518100498706,1.729558478829801,0
2017-06-01,MSFT+AMZN+META,-0.0031301899127887944,283.5946883610673,1.737884184555654,1
2017-07-01,MSFT+AMZN+META,0.06537881540462642,302.1357731411581,1.7715102032526882,0
2017-08-01,MSFT+AMZN+META,0.012424989385552365,305.8898069154327,1.7724782149227523,0
2017-09-01,MSFT+AMZN+META,-0.008154628957425691,303.39538903817873,1.8066923239073154,0
2017-10-01,MSFT+AMZN+META,0.10671996759436797,335.77373512461384,1.8467794572131495,0
2017-11-01,MSFT+AMZN+META,0.020189867573135123,342.55296237131677,1.8986418773508735,0
2017-12-01,MSFT+AMZN+META,0.0037100373929845887,343.82384667079197,1.9173086229197995,0
2018-01-01,MSFT+AMZN+META,0.13681806679042374,390.86516068873675,2.025020536764135,0
2018-02-01,MSFT+AMZN+META,-0.005492617971599945,388.71828768266556,1.9461513088554254,0
2018-03-01,GOOGL+MSFT+BRK-B,-0.05635080918944391,366.8136976250123,1.8938300067160303,1
2018-04-01,GOOGL+MSFT+BRK-B,-0.00735603989451683,364.1154014314275,1.8989789043837682,0
2018-05-01,GOOGL+MSFT+BRK-B,0.041821776661203014,379.3433544289969,1.9400126897243353,0
2018-06-01,GOOGL+MSFT+BRK-B,0.0010181444839516551,379.7295807728325,1.9494070775326757,0
2018-07-01,GOOGL+AAPL+BRK-B,0.07422661339879677,407.9156215609447,2.0196277540798664,1
2018-08-01,GOOGL+AAPL+BRK-B,0.08493101341377529,442.5603086874258,2.08074817550197,0
2018-09-01,GOOGL+MSFT+BRK-B,0.00031031944373483,442.69764375623674,2.0896835062296613,1
2018-10-01,GOOGL+MSFT+BRK-B,-0.06795197634682726,412.6154639389168,1.9446524577236803,0
2018-11-01,GOOGL+MSFT+BRK-B,0.039606135912792606,428.9575680834015,1.9793826995357615,0
2018-12-01,AMZN+GOOGL+BRK-B,-0.06760414768879186,399.95825729846626,1.7977211019891082,1
2019-01-01,AMZN+GOOGL+BRK-B,0.076141906630949,430.4118415819632,1.9391737112611507,0
2019-02-01,AMZN+GOOGL+BRK-B,-0.021982770753893655,420.9501967387057,1.996823191941886,0
2019-03-01,AMZN+GOOGL+BRK-B,0.04286137118407307,438.99269937113195,2.0326147625193736,0
2019-04-01,AMZN+GOOGL+BRK-B,0.05978703946179653,465.23877321187445,2.1125239595581577,0
2019-05-01,AMZN+GOOGL+BRK-B,-0.08158102098064468,427.28411909346715,1.973566926040338,0
2019-06-01,AMZN+GOOGL+META,0.04171734217327416,445.10927689489534,2.1096052179138023,1
2019-07-01,AMZN+GOOGL+META,0.03907997362085647,462.50413569434636,2.1373004362267833,0
2019-08-01,AMZN+GOOGL+META,-0.03841967930661205,444.73487512298783,2.0986331934335594,0
2019-09-01,AMZN+GOOGL+META,-0.01263350266471197,439.11631589303124,2.1346901837418875,0
2019-10-01,AMZN+GOOGL+META,0.04350545767634273,458.220272189107,2.1783056836939156,0
2019-11-01,AMZN+GOOGL+META,0.03389743887449814,473.75276585669314,2.2524705394603517,0
2019-12-01,AMZN+GOOGL+META,0.023697873651099988,484.9796990438242,2.3168682642740155,0
2020-01-01,AMZN+GOOGL+META,0.04683884643740699,507.69558869259777,2.3130961876902685,0
2020-02-01,AMZN+GOOGL+META,-0.058081862283263175,478.2076834283341,2.1185405486414934,0
2020-03-01,AMZN+GOOGL+META,-0.07691290148646313,441.42734298274087,1.8534702754412526,0
2020-04-01,AMZN+GOOGL+META,0.21839282019115958,537.8319053262319,2.0885719297975327,0
2020-05-01,AMZN+GOOGL+META,0.05041310959941869,564.9456841155074,2.1831462672811717,0
2020-06-01,AMZN+GOOGL+META,0.042523916500842196,588.9693872143464,2.2232908264918314,0
2020-07-01,AMZN+GOOGL+META,0.10451694791041843,650.5266699786594,2.345797089066879,0
2020-08-01,AMZN+GOOGL+META,0.11381482117922315,724.566246594596,2.5101545807313688,0
2020-09-01,AMZN+GOOGL+META,-0.0983104584976503,653.3338066799597,2.4116863116952065,0
2020-10-01,AMZN+GOOGL+META,0.02385374032463372,668.918261649808,2.3449651137628194,0
2020-11-01,AMZN+GOOGL+META,0.06056240323215989,709.4295591411991,2.597155877016123,0
2020-12-01,AMZN+GOOGL+META,0.004433129587960272,712.5745523104015,2.693566092664402,0
2021-01-01,AMZN+GOOGL+META,-0.009078015620475943,706.1057893937741,2.6635687608680287,0
2021-02-01,AMZN+GOOGL+META,0.022796189370504427,722.202310684404,2.7330651356827076,0
2021-03-01,AMZN+GOOGL+META,0.05457652621243647,761.6176040241536,2.849052682665151,0
2021-04-01,AMZN+GOOGL+META,0.12182239711154019,854.3996862287237,2.9984151850899954,0
2021-05-01,AMZN+GOOGL+META,-0.01927292456155405,837.9329055306221,3.0148659560327675,0
2021-06-01,AMZN+GOOGL+META,0.053710694395721736,882.9388637436965,3.081838217219789,0
2021-07-01,AMZN+GOOGL+META,0.031829352644693776,911.0422362014999,3.1519440419573286,0
2021-08-01,AMZN+GOOGL+META,0.06060678925983587,966.2575810177739,3.243320211747521,0
2021-09-01,AMZN+GOOGL+TSLA,-0.0783655011396206,890.5363214513585,3.0890381651162855,1
2021-10-01,AMZN+GOOGL+TSLA,0.19021036141980874,1059.9255570120883,3.3026261146403155,0
2021-11-01,AMZN+GOOGL+TSLA,0.00866829546728276,1069.1133049135933,3.2751029989628333,0
2021-12-01,AMZN+GOOGL+TSLA,-0.035095001541469495,1031.5927718296452,3.4179397826359486,0
2022-01-01,GOOGL+AMZN+TSLA,-0.09411948153672645,934.4997949880044,3.2382068551123426,1
2022-02-01,GOOGL+AMZN+TSLA,-0.015305815934333222,920.1965131352459,3.136655095113407,0
2022-03-01,GOOGL+AMZN+TSLA,0.10971363072191065,1021.1546135689562,3.248863562352979,0
2022-04-01,GOOGL+AMZN+TSLA,-0.20297899991792512,813.8816713451541,2.9631042063074666,0
2022-05-01,GOOGL+AMZN+TSLA,-0.05500232622586276,769.1162861485775,2.963261777387781,0
2022-06-01,GOOGL+AMZN+TSLA,-0.09017723015166057,699.7595097991668,2.7145848492254867,0
2022-07-01,GOOGL+AMZN+BRK-B,0.22062654510448731,854.1450328501666,2.9619280257324094,1
2022-08-01,GOOGL+AMZN+BRK-B,-0.0653729460702035,798.3070556815204,2.836223420384937,0
2022-09-01,GOOGL+AMZN+BRK-B,-0.09128273740681947,725.435402347733,2.571332428058298,0
2022-10-01,GOOGL+AMZN+BRK-B,-8.216537612482089e-05,725.3757966750447,2.776687813872839,0
2022-11-01,GOOGL+AMZN+BRK-B,0.03021333578063623,747.2918191871345,2.9259428178051126,0
2022-12-01,GOOGL+AMZN+BRK-B,-0.09556305459334258,675.8783302729961,2.7533956567807745,0
2023-01-01,GOOGL+AMZN+AMZN,0.11882450924757215,756.1892411787534,2.9234257073365804,1
2023-02-01,GOOGL+AMZN+AMZN,-0.08714265514134734,690.2929029131161,2.8470877712936313,0
2023-03-01,GOOGL+AMZN+AMZN,0.11469436878673944,769.465611690702,2.9468827888260405,0
2023-04-01,GOOGL+AMZN+AMZN,0.025541903942789546,789.1192284317857,2.9900320534593163,0
2023-05-01,GOOGL+AMZN+AMZN,0.14388046955864975,902.6580735563103,2.9974543516580336,0
2023-06-01,GOOGL+AMZN+AMZN,0.04547206793269809,943.7038027970611,3.1914719730070242,0
2023-07-01,GOOGL+AMZN+AMZN,0.05323586372125311,993.9426898359939,3.290851002887403,0
2023-08-01,GOOGL+AMZN+AMZN,0.03025873279523328,1024.0181361015166,3.2325490028551886,0
2023-09-01,GOOGL+AMZN+AMZN,-0.06560328396670823,956.8391835317894,3.0750612601344476,0
2023-10-01,GOOGL+AMZN+AMZN,0.014038590483038016,970.2718569875167,3.007472370786463,0
2023-11-01,GOOGL+AMZN+AMZN,0.08781922239469786,1055.48037697962,3.275676557695178,0
2023-12-01,GOOGL+AMZN+AMZN,0.04470446994866939,1102.6650677737155,3.420557213358948,0
2024-01-01,GOOGL+AMZN+AMZN,0.01528220589086704,1119.5162223681002,3.474929390648123,0
2024-02-01,GOOGL+AMZN+AMZN,0.08870970076858176,1218.8281714599475,3.654654964854648,0
2024-03-01,GOOGL+AMZN+AMZN,0.043673912689058625,1272.0591666032542,3.76801790287599,0
2024-04-01,GOOGL+AMZN+AMZN,0.0062870849968110765,1280.0567107046613,3.611211567538119,0
2024-05-01,GOOGL+AMZN+AMZN,0.025389946152182707,1312.5572816611927,3.784626244899077,0
2024-06-01,AAPL+GOOGL+AMZN,0.08216274612892538,1420.4005923739937,3.9158384847404695,1
2024-07-01,NVDA+GOOGL+AMZN,-0.011734011708824044,1403.7335951918567,3.960170933107928,1
2024-08-01,NVDA+GOOGL+AMZN,-0.02427977636766987,1369.6512574208132,4.05060027578441,0
2024-09-01,NVDA+GOOGL+AMZN,0.025441613886512116,1404.4973958712892,4.132409780051785,0
2024-10-01,MSFT+GOOGL+AMZN,0.04225607108624696,1463.8459376716753,4.091512381235179,1
2024-11-01,MSFT+GOOGL+AMZN,0.0482576054999162,1534.48763744449,4.325961341161002,0
2024-12-01,MSFT+GOOGL+AMZN,0.05771046308615935,1623.0436296013982,4.217854974378946,0
2025-01-01,MSFT+GOOGL+AMZN,0.04902806880033972,1702.6183243394485,4.3318058276088385,0
2025-02-01,NVDA+GOOGL+AMZN,-0.10525940508192433,1523.4017324378951,4.270111847454391,1
2025-03-01,NVDA+GOOGL+AMZN,-0.1093281314933987,1356.8510675166535,4.024389552126969,0
2025-04-01,NVDA+GOOGL+AMZN,0.0008212808588503595,1357.9654233267156,3.9937038097886006,0
2025-05-01,NVDA+GOOGL+AMZN,0.1445896687567496,1554.3131940686446,4.239411748639816,0
2025-06-01,NVDA+GOOGL+AMZN,0.08848581852264847,1691.847869286361,4.449715566692141,0
2025-07-01,NVDA+GOOGL+AMZN,0.0944133690927349,1851.580926618051,4.546125607261441,0
2025-08-01,NVDA+GOOGL+AMZN,0.02230375815861274,1892.8781398164404,4.632804057910529,0
2025-09-01,NVDA+GOOGL+AMZN,0.05726959271972576,2001.2824999518,4.7964517793976915,0
2025-10-01,NVDA+GOOGL+AMZN,0.11843896724411884,2238.312332409819,4.905268266515031,0
2025-11-01,NVDA+GOOGL+AMZN,-0.010754531589061367,2214.240331724732,4.911643242266592,0
2025-12-01,NVDA+GOOGL+AMZN,0.006985653991357976,2229.7082485358706,4.909068880972212,0
2026-01-01,NVDA+GOOGL+AMZN,0.047399938388518637,2335.3962821408427,4.976141287334722,0
2026-02-01,NVDA+GOOGL+AMZN,-0.09100272466487336,2122.868857293811,4.933006379177653,0
2026-03-01,NVDA+GOOGL+AMZN,0.016525321270614013,2157.9499471759723,4.816265817510285,0
